"ccode","county","province","eligible","Bartoszewicz","Biejat","Braun","Hołownia","Jakubiak","Maciak","Mentzen","Nawrocki","Senyszyn","Stanowski","Trzaskowski","Woch","Zandberg","eligible2","spoilt","N2","T2"
20100,"bolesławiecki","dolnośląskie",65950,166,1371,2790,1692,231,90,6700,11585,374,452,13643,42,1521,65527,347,21717,20946
20200,"dzierżoniowski","dolnośląskie",72535,222,1580,2770,1729,255,70,6064,12960,387,483,15332,29,1537,71928,426,22827,23370
20300,"głogowski","dolnośląskie",63792,181,1562,2240,1924,276,77,5867,12546,352,455,13793,33,1744,63088,367,22223,21203
20400,"górowski","dolnośląskie",25134,58,589,1059,554,113,34,2435,4572,131,133,3900,12,541,24781,121,8839,6255
20500,"jaworski","dolnośląskie",36841,104,809,1554,912,133,43,3246,7266,184,222,6678,26,799,36460,207,12902,10747
20600,"karkonoski","dolnośląskie",48363,172,1329,1686,1330,212,56,3579,6598,308,336,13235,25,1160,49549,287,12516,20869
20700,"kamiennogórski","dolnośląskie",31309,62,838,1077,812,104,33,2571,5232,171,174,6900,14,679,31147,189,9497,10532
20800,"kłodzki","dolnośląskie",117776,355,2545,4677,2976,475,130,9006,19451,600,685,26119,65,2229,117682,718,35713,39876
20900,"legnicki","dolnośląskie",41471,128,775,1652,1165,185,67,4480,8406,256,286,7644,22,962,41196,228,15599,12195
21000,"lubański","dolnośląskie",40168,111,938,1285,990,148,49,3305,6593,256,247,8811,14,825,40149,217,11886,13871
21100,"lubiński","dolnośląskie",77231,206,1753,2963,2155,331,87,7679,16626,447,632,15784,38,2080,76486,448,29889,24233
21200,"lwówecki","dolnośląskie",33440,101,718,1411,749,156,37,2455,5528,187,183,6769,9,697,33018,175,9863,10546
21300,"milicki","dolnośląskie",27887,48,618,1071,802,115,46,2985,5192,186,144,4879,21,679,27618,148,9907,8061
21400,"oleśnicki","dolnośląskie",81448,245,2462,2539,2660,396,117,8083,13844,491,593,17898,45,2181,80749,465,25898,28859
21500,"oławski","dolnośląskie",57918,224,1538,2577,1758,278,90,5982,11008,427,477,12741,42,1822,57545,326,20384,20647
21600,"polkowicki","dolnośląskie",45500,135,935,2066,1214,191,52,4926,10562,223,354,6838,18,1111,45065,260,19085,11462
21700,"strzeliński","dolnośląskie",33742,67,650,1307,875,140,53,3366,7221,167,242,6277,17,759,33514,192,12761,9911
21800,"średzki","dolnośląskie",44440,121,1162,1748,1355,222,53,5148,8386,363,347,9290,29,1256,44322,291,16137,15189
21900,"świdnicki","dolnośląskie",114466,370,2730,4043,3035,441,134,9864,20117,680,755,26664,51,2757,113174,723,35417,40725
22000,"trzebnicki","dolnośląskie",67195,205,1867,2794,2058,373,71,7045,13066,475,521,14468,46,2099,66971,459,24365,23580
22100,"wałbrzyski","dolnośląskie",40607,118,989,1556,1128,160,58,3031,5577,258,282,9694,21,855,40172,274,10668,14733
22200,"wołowski","dolnośląskie",36180,129,931,1516,871,158,53,3318,7045,225,232,7088,16,889,35943,229,12997,11141
22300,"wrocławski","dolnośląskie",130408,510,4818,4985,5678,784,150,14518,20501,1306,1410,36483,82,5135,131387,979,41671,61048
22400,"ząbkowicki","dolnośląskie",47735,128,934,1792,1149,151,66,3980,8960,254,255,8694,27,890,47298,270,15835,13680
22500,"zgorzelecki","dolnośląskie",65639,190,1692,2773,1415,284,88,5822,11372,410,428,13504,35,1464,65433,376,21312,21144
22600,"złotoryjski","dolnośląskie",31537,64,679,1191,760,120,39,2546,5847,157,161,6419,21,551,31312,154,10337,9733
26100,"Jelenia Góra","dolnośląskie",56111,169,1645,1863,1421,204,61,3628,7651,380,390,17054,19,1313,56433,291,13834,25399
26200,"Legnica","dolnośląskie",67331,213,1701,2207,1953,244,96,5284,11573,436,505,15727,30,1791,66601,395,20461,24758
26400,"Wrocław","dolnośląskie",504001,1766,24314,14566,19654,2558,640,41274,67535,6802,5544,147372,355,39101,510438,4366,130794,266655
26500,"Wałbrzych","dolnośląskie",73360,159,1848,2163,1869,224,77,4562,9959,449,502,19621,45,1549,72421,408,17884,28937
40100,"aleksandrowski","kujawsko-pomorskie",44670,105,1114,1580,1182,169,51,4236,9300,272,273,8987,23,794,44950,283,16606,13937
40200,"brodnicki","kujawsko-pomorskie",58066,179,1134,2411,1754,259,56,6276,11120,326,380,9934,31,1105,57537,304,21125,15924
40300,"bydgoski","kujawsko-pomorskie",93605,339,3048,3371,4005,470,110,9550,13428,773,936,25161,61,2819,93310,620,26727,40276
40400,"chełmiński","kujawsko-pomorskie",36709,113,912,1117,1092,155,45,4053,6115,210,226,7037,25,874,36426,188,11695,11216
40500,"golubsko-dobrzyński","kujawsko-pomorskie",33388,67,714,1208,903,139,40,4174,6491,187,193,4845,18,656,33181,186,12631,8331
40600,"grudziądzki","kujawsko-pomorskie",29808,83,733,1074,878,141,40,3496,5388,187,194,4491,19,608,29690,141,10681,7631
40700,"inowrocławski","kujawsko-pomorskie",115889,349,3068,3989,3516,532,131,9948,19108,715,1527,25496,75,2683,114937,674,35513,39496
40800,"lipnowski","kujawsko-pomorskie",48432,132,1074,1494,1458,176,81,4940,9823,212,256,6527,16,841,48024,282,17978,11398
40900,"mogileński","kujawsko-pomorskie",34101,119,990,1407,1190,140,30,3388,6111,206,264,5835,20,685,33801,239,11437,9751
41000,"nakielski","kujawsko-pomorskie",63482,154,1753,2128,2256,241,84,6342,10434,419,440,13018,33,1459,62944,372,19978,21023
41100,"radziejowski","kujawsko-pomorskie",30551,59,662,1020,748,104,79,3023,7068,143,149,3780,11,509,30415,153,12605,6643
41200,"rypiński","kujawsko-pomorskie",32454,64,687,1300,853,126,37,3228,6554,180,194,4874,23,581,32260,154,11916,8126
41300,"sępoleński","kujawsko-pomorskie",29568,106,716,1108,899,114,62,3046,5150,203,177,5191,23,612,29290,150,9613,8666
41400,"świecki","kujawsko-pomorskie",71433,209,1845,2835,2191,278,98,7173,11920,474,490,13381,34,1592,71187,412,23308,21689
41500,"toruński","kujawsko-pomorskie",83691,225,2411,2970,3010,363,93,9903,13498,609,684,18164,53,2581,83196,513,27457,29826
41600,"tucholski","kujawsko-pomorskie",35904,106,758,1726,1107,190,49,4058,7407,228,256,5579,28,659,35957,231,13929,9545
41700,"wąbrzeski","kujawsko-pomorskie",24521,57,555,845,715,100,28,2658,3850,150,163,4243,16,455,24399,112,7784,7041
41800,"włocławski","kujawsko-pomorskie",66012,161,1669,2254,1796,270,139,6211,13385,334,388,10058,36,1131,65492,396,24817,16804
41900,"żniński","kujawsko-pomorskie",52007,145,1422,2118,1758,236,57,5334,9104,325,389,9701,26,1137,51891,356,17653,16131
46100,"Bydgoszcz","kujawsko-pomorskie",241846,785,8811,6445,9097,1090,313,18458,34987,2064,2339,72955,153,8804,241446,1491,62363,112947
46200,"Grudziądz","kujawsko-pomorskie",62364,174,1931,1610,1965,216,56,4899,8584,375,409,17050,32,1542,62101,320,16232,24753
46300,"Toruń","kujawsko-pomorskie",143815,376,5486,3550,5061,596,150,12488,21071,1308,1258,42435,96,7171,143940,980,38563,67978
46400,"Włocławek","kujawsko-pomorskie",76567,189,2584,2139,2061,273,258,4831,11427,404,454,20700,27,1754,75575,433,20049,30728
60100,"bialski","lubelskie",82977,275,1313,6541,2308,508,153,9677,21036,455,524,8234,199,1520,82225,495,39914,14960
60200,"biłgorajski","lubelskie",75636,245,813,5622,1640,422,121,8642,21988,265,367,7186,31,1138,74673,389,38313,11994
60300,"chełmski","lubelskie",58219,188,883,4124,1326,257,78,6529,13755,225,301,5201,42,905,57708,301,26459,9220
60400,"hrubieszowski","lubelskie",46542,143,678,2816,977,217,49,4890,11272,198,183,4960,27,590,45816,227,20078,8007
60500,"janowski","lubelskie",34274,92,314,2525,542,212,44,3922,12787,105,179,2193,13,462,33739,163,20735,3874
60600,"krasnostawski","lubelskie",48001,135,732,2523,1096,275,65,4913,11582,249,220,5681,32,877,47441,231,20635,9415
60700,"kraśnicki","lubelskie",70343,172,1083,4411,1629,371,66,6821,20178,330,448,7351,51,1126,69213,422,33617,12534
60800,"lubartowski","lubelskie",66704,222,1054,4519,1810,376,100,8415,18216,375,452,7008,68,1548,66134,420,33660,12550
60900,"lubelski","lubelskie",124124,520,2305,7354,4429,933,186,16184,32660,812,1110,15895,121,3269,123544,884,60739,29176
61000,"łęczyński","lubelskie",42787,112,638,3119,1059,276,66,6050,11301,218,300,4499,48,892,42301,260,21834,7882
61100,"łukowski","lubelskie",77936,308,1064,6232,1824,409,98,10294,24645,306,426,6565,119,1378,76888,452,43799,11686
61200,"opolski","lubelskie",44508,130,675,2571,1047,278,61,4880,12080,207,238,4557,24,785,44055,271,21331,7941
61300,"parczewski","lubelskie",25822,87,389,1808,656,122,46,3077,6190,122,163,2921,29,481,25623,139,11851,5080
61400,"puławski","lubelskie",86640,347,1843,4493,2585,673,139,8829,21637,563,650,14092,83,2132,86115,607,37940,23156
61500,"radzyński","lubelskie",43966,171,666,3327,989,243,72,5271,12304,242,207,3895,395,778,43428,236,22526,7065
61600,"rycki","lubelskie",41262,144,769,2307,1374,247,43,4665,12079,217,265,5302,19,846,40832,245,20566,9008
61700,"świdnicki","lubelskie",54143,188,1133,2796,1629,345,61,5612,13747,359,465,7963,52,1473,53710,369,23842,13673
61800,"tomaszowski","lubelskie",61951,200,811,3548,1208,333,68,6370,17090,234,284,6336,29,878,61084,287,28621,10472
61900,"włodawski","lubelskie",28994,113,566,1653,933,169,29,2769,6250,140,173,4263,25,485,28634,176,11446,7102
62000,"zamojski","lubelskie",81250,247,1057,5995,1723,498,101,8462,22975,331,376,7222,62,1278,80168,413,40329,12478
66100,"Biała Podlaska","lubelskie",41155,158,964,2815,1447,210,64,3947,9161,309,354,7404,74,990,40716,239,16931,11933
66200,"Chełm","lubelskie",44694,146,885,2404,1243,237,54,3742,8639,262,283,8869,21,800,44001,217,15610,13359
66300,"Lublin","lubelskie",253867,1054,7087,10836,9894,1783,324,23247,51332,2251,2581,57141,226,10939,255018,1807,92136,96429
66400,"Zamość","lubelskie",45361,154,903,2523,1294,240,55,3678,10002,234,279,8531,21,901,44705,208,17207,13059
80100,"gorzowski","lubuskie",54741,204,1364,2201,1645,196,52,5778,7550,386,430,13452,29,1483,54467,339,15661,20892
80200,"krośnieński","lubuskie",40189,104,863,1297,1217,97,41,3325,5471,214,271,9413,8,830,39855,218,10433,14462
80300,"międzyrzecki","lubuskie",42506,121,983,1487,1269,167,45,3802,5759,247,265,10242,25,827,42269,240,11513,15756
80400,"nowosolski","lubuskie",62499,172,1201,2224,1753,211,49,5481,9913,341,381,14302,30,1502,62097,391,18434,22058
80500,"słubicki","lubuskie",35102,101,824,1237,995,103,33,3231,4548,199,236,8388,18,884,35120,197,9179,13058
80600,"strzelecko-drezdenecki","lubuskie",35850,84,871,1296,990,94,26,2959,5388,176,195,7528,13,711,35488,131,10295,11716
80700,"sulęciński","lubuskie",25984,74,459,994,629,100,23,2714,4223,139,179,5402,10,502,26035,157,8344,8339
80800,"świebodziński","lubuskie",41056,107,905,1500,1218,166,51,4051,6260,240,273,9577,34,919,40967,259,11974,14668
80900,"zielonogórski","lubuskie",56766,179,1420,2058,1872,210,79,5497,7676,335,408,14288,28,1462,56478,365,15278,22277
81000,"żagański","lubuskie",56201,157,1142,2195,1442,194,64,4512,8912,293,319,11742,31,1201,55603,339,16425,18193
81100,"żarski","lubuskie",68925,185,1428,2616,1845,230,96,5487,9759,369,427,15936,32,1434,68337,345,18257,24293
81200,"wschowski","lubuskie",28423,97,562,1072,797,110,27,2702,5268,150,166,5155,15,666,28378,144,9759,8408
86100,"Gorzów Wielkopolski","lubuskie",84439,219,2332,2784,2701,306,101,6852,11763,553,706,23927,47,2168,83571,441,22231,35700
86200,"Zielona Góra","lubuskie",102470,329,3175,2993,3979,421,92,8062,12776,878,903,33969,63,3736,102390,669,24199,51657
100100,"bełchatowski","łódzkie",83911,328,2103,4123,2116,596,115,11241,22385,503,622,11159,39,1947,82933,641,40664,19263
100200,"kutnowski","łódzkie",71560,201,1652,2857,1880,378,90,6294,16971,418,429,12076,36,1555,70918,404,29003,18996
100300,"łaski","łódzkie",38540,120,1030,1757,1179,186,58,3981,9116,304,327,6721,23,1001,38371,286,16142,11359
100400,"łęczycki","łódzkie",38303,92,783,1575,894,154,61,4186,9942,210,184,5168,22,692,38019,226,17413,8462
100500,"łowicki","łódzkie",59746,206,1448,2381,1907,366,90,6497,15856,363,464,8294,39,1475,59260,400,27626,14543
100600,"łódzki wschodni","łódzkie",58497,237,1878,2709,2236,388,67,6103,12889,465,586,13065,44,1908,58331,417,22909,21717
100700,"opoczyński","łódzkie",56860,135,986,2831,1475,413,81,6346,20026,271,393,6041,28,1141,56238,334,31162,10606
100800,"pabianicki","łódzkie",90846,331,3325,3602,3452,552,150,7668,17210,728,919,22840,53,2947,90551,700,30035,37089
100900,"pajęczański","łódzkie",38981,105,800,1803,873,230,67,4431,11115,195,234,4528,15,884,38509,252,19037,7995
101000,"piotrkowski","łódzkie",70774,226,1303,4238,1834,414,103,8401,21762,384,527,7307,45,1606,70416,433,37449,13431
101100,"poddębicki","łódzkie",32313,105,838,1462,979,164,46,3097,8251,206,219,4646,16,654,32207,173,14258,8137
101200,"radomszczański","łódzkie",84440,277,1962,3722,2119,402,100,8321,21143,497,509,12446,43,1737,83855,488,36496,21327
101300,"rawski","łódzkie",36544,111,730,1872,1029,245,48,3944,10465,199,252,4579,19,698,36218,237,17838,7764
101400,"sieradzki","łódzkie",88774,227,2204,3799,2801,448,116,9226,22462,543,607,13072,41,1858,87960,563,39352,22029
101500,"skierniewicki","łódzkie",29479,114,617,1651,872,223,43,3719,9208,205,248,2885,15,763,29355,186,16036,5640
101600,"tomaszowski","łódzkie",86172,282,2010,4160,2667,505,122,8952,22113,516,696,14760,40,2102,85408,503,38058,23918
101700,"wieluński","łódzkie",57693,203,1486,2554,1703,318,41,5955,13781,348,397,9199,28,1331,57096,359,24251,15373
101800,"wieruszowski","łódzkie",32418,100,681,1637,1020,183,43,3979,6938,185,262,4444,24,695,32091,208,13457,8005
101900,"zduńskowolski","łódzkie",48768,186,1321,2102,1767,242,61,4553,10889,301,410,8857,22,1419,48197,306,19329,14842
102000,"zgierski","łódzkie",127565,470,4413,4841,4455,696,172,11607,24750,924,1187,30498,62,4050,127190,911,43953,49397
102100,"brzeziński","łódzkie",23884,84,591,1230,866,143,44,2554,5963,168,192,3674,15,618,23742,161,10594,6527
106100,"Łódź","łódzkie",491800,1640,22263,15220,17011,2386,581,33413,69956,5074,4768,150722,322,22889,488805,3664,125893,239280
106200,"Piotrków Trybunalski","łódzkie",52214,197,1457,2249,1649,297,46,4526,10508,329,477,11713,23,1464,51559,371,18520,18281
106300,"Skierniewice","łódzkie",34626,156,1100,1266,1296,252,46,3055,7118,293,339,8498,29,1268,34285,295,12384,13369
120100,"bocheński","małopolskie",82208,268,1256,4461,2733,540,85,10366,25409,381,709,9508,57,2114,81673,507,42790,17372
120200,"brzeski","małopolskie",70608,207,855,3910,1919,371,79,8988,20245,313,424,7225,32,1601,69718,377,35323,12651
120300,"chrzanowski","małopolskie",92304,425,2700,3515,3175,476,98,8867,17299,657,817,19794,49,2768,91067,544,31477,32224
120400,"dąbrowski","małopolskie",44720,85,365,2356,988,220,38,4662,13659,163,211,3073,14,701,44041,215,22368,5686
120500,"gorlicki","małopolskie",81622,212,1116,4554,2188,342,92,9018,22716,336,479,9514,45,1405,80840,399,39046,16145
120600,"krakowski","małopolskie",225104,837,5723,10126,8966,1477,258,26739,52650,1793,2267,42357,158,7849,224425,1633,95586,73885
120700,"limanowski","małopolskie",98303,280,904,5564,2024,514,97,13500,35741,349,584,7226,38,1862,97124,529,58192,13044
120800,"miechowski","małopolskie",37748,110,747,1946,927,192,58,4240,10156,229,215,4412,27,858,37527,214,18037,7823
120900,"myślenicki","małopolskie",98558,300,1532,5239,3041,678,116,13996,29895,548,818,11910,65,2586,98028,645,51873,21480
121000,"nowosądecki","małopolskie",163040,443,1420,8452,3326,845,177,22546,59612,623,914,14220,68,2780,162544,873,96486,24594
121100,"nowotarski","małopolskie",145418,323,1502,8959,2862,546,129,17120,40049,562,853,14396,60,2744,145501,701,70292,25130
121200,"olkuski","małopolskie",83616,285,2250,3707,2398,451,103,8456,19933,546,652,15454,44,2403,82751,527,34405,25428
121300,"oświęcimski","małopolskie",114218,379,2694,4596,3777,617,141,12786,25424,705,961,23359,77,3486,113301,781,44965,37075
121400,"proszowicki","małopolskie",33701,67,517,1764,971,155,42,4118,9179,174,202,3322,20,755,33488,195,16694,6276
121500,"suski","małopolskie",64083,154,924,3074,1557,329,60,8325,17608,307,387,8030,39,1336,63554,363,30850,13469
121600,"tarnowski","małopolskie",152679,452,1768,8517,4267,870,189,18794,46232,738,997,13989,81,3165,151342,826,79391,25346
121700,"tatrzański","małopolskie",53901,122,802,4254,1284,236,49,5169,14122,249,323,7532,29,1112,57104,291,25592,14331
121800,"wadowicki","małopolskie",121743,352,2270,5800,4448,639,151,14835,29753,745,1001,19066,96,3101,120777,758,53806,32361
121900,"wielicki","małopolskie",105055,371,2818,4715,4870,722,92,13370,23584,854,1187,19840,68,3889,105499,812,44345,35824
126100,"Kraków","małopolskie",621058,1996,28219,19142,29109,3947,630,56765,97053,7881,7390,163093,440,49483,626893,5523,187004,307189
126200,"Nowy Sącz","małopolskie",60103,173,927,2550,1801,295,84,6411,16090,305,523,11229,50,1366,59029,359,26023,17046
126300,"Tarnów","małopolskie",80265,249,1743,3224,3003,456,77,6776,16645,493,605,17310,35,2188,79253,444,28188,27115
140100,"białobrzeski","mazowieckie",26089,74,418,1221,568,138,32,3152,8900,122,171,2721,11,491,25891,171,14382,4753
140200,"ciechanowski","mazowieckie",66476,211,1337,3204,1860,614,85,6511,16946,334,464,10046,32,1464,65876,366,29438,16708
140300,"garwoliński","mazowieckie",82314,336,1395,4826,2310,611,107,10745,27923,404,700,8397,42,1932,81661,611,46763,15174
140400,"gostyniński","mazowieckie",33868,90,649,1389,790,170,52,3295,8863,181,215,4818,9,644,33583,210,14808,7867
140500,"grodziski","mazowieckie",77847,348,3034,3328,3308,583,104,8197,14348,797,963,21020,49,3099,78146,656,27119,34448
140600,"grójecki","mazowieckie",76140,307,1836,3894,2317,576,130,9505,20003,493,596,11848,36,1856,76046,521,35719,20228
140700,"kozienicki","mazowieckie",46239,176,934,2536,1050,243,59,5043,13940,232,323,6149,13,940,45816,272,22947,10297
140800,"legionowski","mazowieckie",97171,427,3659,3636,4419,729,94,9974,18350,993,1186,27113,78,3884,97937,741,33839,44284
140900,"lipski","mazowieckie",25839,97,470,1264,544,130,20,2703,6929,143,127,2525,11,403,25502,122,12299,4438
141000,"łosicki","mazowieckie",23019,85,313,1938,466,164,37,2811,6928,107,123,1916,24,338,22769,128,12411,3467
141100,"makowski","mazowieckie",33730,86,470,1750,772,256,49,3716,10151,140,169,3825,12,501,33458,197,16975,6353
141200,"miński","mazowieckie",119901,551,3482,5714,5252,966,167,13950,29543,916,1274,21889,109,3925,119731,881,53428,37960
141300,"mławski","mazowieckie",53797,163,931,2552,1287,316,58,6421,13125,266,305,7272,16,835,53127,249,23981,11814
141400,"nowodworski","mazowieckie",61314,210,1695,2578,1934,386,66,6257,13655,459,610,12515,40,1867,61456,415,24427,20567
141500,"ostrołęcki","mazowieckie",68284,211,925,4257,1738,356,92,9018,19516,248,392,6115,26,1148,67494,344,35108,10878
141600,"ostrowski","mazowieckie",54300,142,840,2468,1240,310,73,6395,16650,233,323,6154,39,932,53901,304,27473,10463
141700,"otwocki","mazowieckie",96585,486,2888,4242,4174,783,133,10027,24059,802,1101,21741,84,3257,96537,855,40654,35628
141800,"piaseczyński","mazowieckie",151808,669,6024,5519,6722,1154,172,15516,26561,1549,1941,45376,116,6315,152514,1148,50740,73131
141900,"płocki","mazowieckie",85225,235,1774,3905,2714,489,79,8767,22851,421,631,10592,52,1715,84855,519,38999,18418
142000,"płoński","mazowieckie",66767,174,1271,3204,1671,409,89,6713,16439,296,458,8968,34,1243,66671,369,29450,15096
142100,"pruszkowski","mazowieckie",131030,586,5110,4755,5829,983,138,12650,24274,1442,1713,38739,113,5649,131440,1097,43826,62984
142200,"przasnyski","mazowieckie",38167,101,566,1977,935,221,38,4310,10507,161,236,4233,21,648,37931,225,18437,7122
142300,"przysuski","mazowieckie",31715,81,461,1547,688,155,34,3600,12092,131,165,2641,18,481,31286,180,18467,4831
142400,"pułtuski","mazowieckie",39712,144,714,1969,1257,255,54,4427,10558,221,291,5217,27,834,39707,232,18643,9138
142500,"radomski","mazowieckie",116370,423,1967,6317,2879,686,118,14700,35882,543,766,12096,54,2430,114972,674,61762,21146
142600,"siedlecki","mazowieckie",62290,239,815,4750,1505,439,109,8919,20631,247,404,4598,32,1232,61894,376,36876,8739
142700,"sierpecki","mazowieckie",38246,102,749,1571,877,154,45,4138,10006,183,223,4547,16,606,37879,184,17353,7620
142800,"sochaczewski","mazowieckie",63559,193,1548,3218,2023,347,103,6489,15666,390,556,10758,26,1753,63403,388,27711,18062
142900,"sokołowski","mazowieckie",40532,121,545,2492,1314,308,48,4897,12525,177,269,4285,19,689,40080,236,21342,7465
143000,"szydłowiecki","mazowieckie",29778,90,450,1557,572,170,28,3368,9138,110,192,2721,7,590,29485,177,15345,4811
143200,"warszawski zachodni","mazowieckie",97456,430,3652,3724,4184,784,114,10084,19037,999,1173,27559,82,3888,97701,807,34359,44399
143300,"węgrowski","mazowieckie",50074,168,860,2862,1380,297,89,5813,15383,274,331,6015,12,996,49871,316,25961,10230
143400,"wołomiński","mazowieckie",197033,861,6127,9236,8071,1658,255,23884,47581,1658,2468,38338,161,7393,197624,1483,86435,67987
143500,"wyszkowski","mazowieckie",57469,211,1055,3022,1718,385,60,7077,16486,300,425,7901,42,1387,57445,358,28813,13283
143600,"zwoleński","mazowieckie",27418,81,403,1432,559,132,46,3181,8310,100,154,2530,13,497,27134,144,14259,4451
143700,"żuromiński","mazowieckie",28429,69,551,895,730,154,26,3096,7073,129,149,3715,10,400,28022,128,12386,6102
143800,"żyrardowski","mazowieckie",56846,246,1625,2668,1883,352,88,5847,12540,470,528,11266,28,1798,56905,396,22738,18856
146100,"Ostrołęka","mazowieckie",36612,134,821,1827,1197,190,41,3463,8678,186,252,6621,27,794,36125,259,14913,10461
146200,"Płock","mazowieckie",84747,248,2639,2869,2587,379,75,6386,17783,521,784,20777,43,2260,84383,510,29023,31428
146300,"Radom","mazowieckie",147170,450,3730,6403,4671,841,162,14174,34570,816,1217,30365,73,3970,145461,903,58726,47360
146400,"Siedlce","mazowieckie",56140,236,1291,3392,1939,392,103,5935,13614,363,483,10791,63,1483,55697,336,24362,17196
146501,"Warszawa","mazowieckie",1379227,5538,81291,38470,58602,9781,1472,103910,199119,19616,17880,460616,1016,92369,1384869,11924,362322,777353
NA,"statki","",173,3,7,15,16,1,0,36,15,2,2,65,2,7,204,4,67,105
NA,"zagranica","",524204,2051,28459,51537,15955,2931,917,77193,74829,5798,4182,171471,233,30140,721608,3684,220637,383722
160100,"brzeski","opolskie",65606,216,1364,3107,1781,339,90,6418,12183,361,504,12506,26,1621,65078,345,23221,20114
160200,"głubczycki","opolskie",33470,106,430,1358,748,133,45,2934,7246,136,181,5438,13,549,33141,175,12276,8277
160300,"kędzierzyńsko-kozielski","opolskie",66300,179,1403,2322,2340,292,94,5334,8336,343,517,14387,38,1437,65554,417,16816,22616
160400,"kluczborski","opolskie",47455,135,869,1845,1297,171,46,4226,7330,204,314,8990,20,980,46880,228,14202,14286
160500,"krapkowicki","opolskie",46714,101,904,1527,1676,139,40,4099,4682,244,335,9008,25,1039,46319,242,10581,14954
160600,"namysłowski","opolskie",32269,92,769,1162,932,160,33,3468,6015,167,197,5858,16,676,31874,170,11356,9510
160700,"nyski","opolskie",100496,263,1766,3853,2440,375,128,8470,19337,528,532,18182,56,1986,99706,452,34877,28456
160800,"oleski","opolskie",48343,149,895,2056,1627,191,111,4460,7214,244,341,7710,41,987,47848,295,14830,12840
160900,"opolski","opolskie",94713,283,1824,3285,3773,315,117,8146,10520,508,669,19374,62,2099,94447,557,22561,32010
161000,"prudnicki","opolskie",40008,106,623,1512,1066,140,36,3668,6617,173,228,6381,12,792,39630,180,12761,10429
161100,"strzelecki","opolskie",56507,144,946,1861,2121,180,74,5168,6632,254,403,10251,33,1141,56120,324,14756,16812
166100,"Opole","opolskie",94296,333,3045,2862,3733,386,122,7273,11067,814,895,30168,66,3677,94245,612,22084,46688
180100,"bieszczadzki","podkarpackie",16494,49,322,844,360,74,38,1626,3417,72,83,2414,9,222,16354,88,6343,3881
180200,"brzozowski","podkarpackie",49346,140,415,3441,933,250,56,5619,16046,152,221,3426,18,762,48709,193,26955,6042
180300,"dębicki","podkarpackie",102057,238,1230,6360,2408,591,104,11868,31575,476,647,10739,59,2046,100881,511,53337,18004
180400,"jarosławski","podkarpackie",90181,217,995,5177,1889,387,108,11112,26601,372,472,9047,55,1365,88973,415,45198,14780
180500,"jasielski","podkarpackie",85976,260,977,4878,1912,516,70,8939,26269,343,487,8900,54,1429,84749,456,43409,14419
180600,"kolbuszowski","podkarpackie",47184,113,454,2651,898,256,47,5901,14658,168,296,3192,19,832,46563,230,24763,5965
180700,"krośnieński","podkarpackie",86445,251,1078,5568,2095,447,110,9260,25691,355,504,8944,53,1503,85925,405,43647,15188
180800,"leżajski","podkarpackie",51330,107,435,2926,977,244,52,6205,17473,142,270,3762,16,775,50613,237,27811,6560
180900,"lubaczowski","podkarpackie",41634,93,630,2378,888,165,90,4450,11182,184,191,4194,13,646,41147,186,19205,7048
181000,"łańcucki","podkarpackie",62264,232,848,4514,1880,408,99,8367,18840,285,405,5833,31,1233,61610,334,33828,10536
181100,"mielecki","podkarpackie",101810,323,1464,6341,2644,577,132,11485,28751,572,656,11582,49,2061,100890,557,50197,20001
181200,"niżański","podkarpackie",49986,149,556,3263,908,211,45,5621,14751,169,232,3958,22,823,49155,219,24828,6905
181300,"przemyski","podkarpackie",56110,146,667,3564,1145,258,113,6812,15779,201,271,5173,37,787,55396,230,27865,8736
181400,"przeworski","podkarpackie",59787,140,710,3667,1296,313,72,7562,17738,236,298,5478,17,1040,59091,280,31115,9293
181500,"ropczycko-sędziszowski","podkarpackie",56824,184,606,3970,1227,351,73,7561,18976,245,322,4018,27,1002,56277,308,32461,7534
181600,"rzeszowski","podkarpackie",132203,523,1789,9629,3809,858,162,17824,40458,699,1186,12812,84,3016,131469,762,72152,23874
181700,"sanocki","podkarpackie",69947,160,1118,3942,1677,338,96,6845,17137,312,430,9364,33,1182,68824,338,29691,14924
181800,"stalowowolski","podkarpackie",77291,229,1216,4220,1694,332,93,7722,20701,340,497,10061,37,1465,76245,377,34547,16062
181900,"strzyżowski","podkarpackie",46657,124,520,3392,1091,307,50,5701,13461,181,278,3616,21,891,46183,250,24296,6642
182000,"tarnobrzeski","podkarpackie",40808,99,582,2390,898,195,57,4816,11394,156,240,3976,23,780,40390,197,19607,6913
182100,"leski","podkarpackie",22104,72,355,1130,588,89,39,2447,5458,100,126,3175,8,316,22413,121,9881,5448
186100,"Krosno","podkarpackie",33843,129,658,1726,1081,208,46,2882,7709,187,227,6726,19,735,33510,172,13011,10398
186200,"Przemyśl","podkarpackie",43007,127,834,2040,1093,207,67,3427,8978,212,260,8379,26,767,42276,222,15150,12733
186300,"Rzeszów","podkarpackie",152512,634,4109,7503,6677,1124,186,18252,30018,1366,1835,32316,136,5996,153251,1129,59527,55696
186400,"Tarnobrzeg","podkarpackie",33502,85,827,1445,903,139,27,2717,6810,166,261,7214,20,661,33178,163,11605,10903
200100,"augustowski","podlaskie",42853,228,657,2092,1314,217,84,4843,9645,185,274,5618,21,736,43089,212,17712,9728
200200,"białostocki","podlaskie",120900,514,2268,6244,5393,742,255,14551,28342,773,1137,18561,52,2861,120069,746,51709,32835
200300,"bielski","podlaskie",40368,130,764,1960,1431,139,155,3921,8789,205,195,5690,10,644,39979,185,15488,10305
200400,"grajewski","podlaskie",34037,100,383,1788,806,145,40,3291,8363,115,164,3535,7,487,33626,168,14666,5890
200500,"hajnowski","podlaskie",33687,142,973,1638,1523,126,225,3548,3637,250,207,6477,22,678,33600,228,9043,11428
200600,"kolneński","podlaskie",28328,61,284,1667,511,124,23,3034,8094,79,101,2202,7,339,27894,106,13812,3666
200700,"łomżyński","podlaskie",38899,118,404,2474,744,246,46,4679,11916,117,190,2831,9,577,38479,183,20474,5009
200800,"moniecki","podlaskie",29861,87,315,1706,778,104,31,3357,7323,109,151,2579,18,446,29461,143,13003,4530
200900,"sejneński","podlaskie",14994,81,299,716,494,60,23,1471,2440,60,61,2239,6,242,15060,79,4891,3980
201000,"siemiatycki","podlaskie",32769,110,558,1882,915,138,104,2990,7263,142,150,4222,14,468,32259,181,12819,7155
201100,"sokólski","podlaskie",49392,205,603,2243,1651,192,91,5328,11987,196,256,5457,25,813,48778,258,20654,9439
201200,"suwalski","podlaskie",27050,282,451,1749,688,121,38,3364,6238,143,150,2968,10,447,27065,131,12050,5403
201300,"wysokomazowiecki","podlaskie",42133,132,364,2549,883,235,40,5513,14359,151,231,3006,22,540,41550,225,24000,5352
201400,"zambrowski","podlaskie",32707,68,371,1508,853,185,30,3869,9329,133,209,3558,11,509,32249,156,15757,5872
206100,"Białystok","podlaskie",213477,815,5884,8717,11609,1286,485,22378,41154,1854,2406,44987,133,8499,212573,1593,75562,78656
206200,"Łomża","podlaskie",43349,149,730,1902,1193,220,39,4244,11006,195,310,7241,19,872,42821,232,18087,11246
206300,"Suwałki","podlaskie",49503,588,1067,2224,1551,210,72,5106,9440,260,355,9201,13,1119,49073,288,18120,14568
220100,"bytowski","pomorskie",57316,161,1204,2159,1980,239,63,6136,10247,351,377,10703,31,1033,56958,353,19144,17515
220200,"chojnicki","pomorskie",70658,197,1634,3004,2529,299,103,8117,13840,460,508,13420,45,1654,70545,410,26085,21917
220300,"człuchowski","pomorskie",41315,130,1033,1535,1200,161,50,3921,5689,222,272,8805,13,784,40888,230,11612,13417
220400,"gdański","pomorskie",93528,301,3148,3339,4269,486,118,10368,12162,919,1051,26000,59,3737,94195,723,26314,42628
220500,"kartuski","pomorskie",107049,358,2641,5153,5042,532,146,14797,22122,832,1046,21438,88,3080,108397,768,43362,37082
220600,"kościerski","pomorskie",54287,183,1145,2443,2245,237,68,6636,11267,350,412,10306,39,1345,54500,344,21053,17203
220700,"kwidzyński","pomorskie",59140,173,1543,2133,1658,218,54,5851,9266,313,407,12201,30,1375,58523,353,18059,18863
220800,"lęborski","pomorskie",47166,157,1206,1825,1612,228,52,4820,7310,301,346,11962,20,1192,48354,278,14661,18696
220900,"malborski","pomorskie",45466,188,1390,1454,1572,171,42,4042,6185,260,335,10906,28,1159,44937,217,12310,16766
221000,"nowodworski","pomorskie",28106,74,742,1130,886,126,22,2405,4057,187,182,7027,25,708,30069,157,8524,11997
221100,"pucki","pomorskie",71552,291,2115,3001,3312,410,85,8114,11029,667,772,18277,32,2621,78070,587,24655,34302
221200,"słupski","pomorskie",72980,221,1956,2750,2203,325,64,6709,10488,427,488,17141,58,1585,73714,418,21174,27314
221300,"starogardzki","pomorskie",92860,298,2210,3823,3226,481,132,10401,18113,570,706,16477,56,2265,92564,519,33992,27396
221400,"tczewski","pomorskie",82083,246,2207,2686,2941,326,109,8533,13822,556,716,17499,54,2486,81602,532,26042,27910
221500,"wejherowski","pomorskie",164003,594,4880,6936,7530,818,224,19173,26116,1427,1799,39226,146,5910,164321,1215,53626,65539
221600,"sztumski","pomorskie",30079,86,676,895,849,78,56,2654,4362,164,196,5996,19,556,29769,204,8297,9126
226100,"Gdańsk","pomorskie",372134,1217,17730,9311,16580,1715,367,29180,47287,4790,4383,121757,229,26448,376703,3082,88205,206127
226200,"Gdynia","pomorskie",180455,630,7623,5045,7358,866,195,13246,22466,2310,1990,62516,134,9587,180890,1408,41994,97729
226300,"Słupsk","pomorskie",62188,209,1862,2105,1921,264,70,4549,9041,407,428,18188,34,1671,61774,389,16285,26590
226400,"Sopot","pomorskie",27603,91,1175,687,1009,118,32,1484,3572,343,269,10578,25,1647,29030,226,6331,16706
240100,"będziński","śląskie",111293,353,4377,3701,3520,476,136,9021,16796,911,1009,29325,69,3656,110588,765,31364,46935
240200,"bielski","śląskie",126436,446,3078,5178,5544,759,165,15593,26288,827,1183,27166,80,3888,125484,903,48269,44629
240300,"cieszyński","śląskie",135243,503,3199,5691,5435,688,185,15300,24669,924,1150,29625,91,3636,135754,919,47359,48593
240400,"częstochowski","śląskie",104807,359,2612,4597,3346,516,117,10615,23886,686,883,18241,69,2755,104116,685,42073,30869
240500,"gliwicki","śląskie",85422,259,2041,3649,3227,403,92,8928,14820,589,804,17080,62,2508,84932,594,29360,27921
240600,"kłobucki","śląskie",65342,191,1504,3156,2001,311,92,6766,14290,386,522,10810,33,1704,65009,424,25704,18801
240700,"lubliniecki","śląskie",59054,227,1141,2737,1922,262,93,6600,10918,349,518,9683,50,1472,58879,402,21474,16271
240800,"mikołowski","śląskie",74394,347,1985,2905,3159,415,101,8531,13643,561,805,16747,71,2581,73879,551,26417,27608
240900,"myszkowski","śląskie",54062,172,1316,2608,1596,270,63,5258,11524,353,405,9280,31,1336,53688,354,20911,15826
241000,"pszczyński","śląskie",83109,304,1855,3633,3132,462,103,10980,20777,543,751,14421,74,2533,82342,607,37285,23975
241100,"raciborski","śląskie",77748,237,1463,2777,2543,310,74,7693,11827,390,542,13922,46,1692,77066,438,23414,22520
241200,"rybnicki","śląskie",57842,186,1217,2368,1839,267,80,7524,13767,295,482,9171,43,1410,57468,417,25097,15242
241300,"tarnogórski","śląskie",106622,362,2654,3904,4256,505,110,10215,18760,748,1003,23814,77,3206,106282,730,34803,38673
241400,"bieruńsko-lędziński","śląskie",44620,134,918,2098,1508,231,55,5804,11029,300,426,6980,26,1439,44220,338,20002,12165
241500,"wodzisławski","śląskie",114614,297,2479,4949,3569,551,130,13933,24823,612,848,19605,57,2727,113868,694,46594,31705
241600,"zawierciański","śląskie",89362,225,2414,3897,2540,372,141,8693,19121,615,575,16880,44,2295,88963,541,34241,27559
241700,"żywiecki","śląskie",115990,389,1940,5939,3442,567,145,13361,30887,586,851,17642,61,2784,115466,662,53045,29198
246100,"Bielsko-Biała","śląskie",123702,436,3580,4499,5096,692,169,11714,21907,925,1087,32358,66,4246,122604,799,39739,50441
246200,"Bytom","śląskie",106349,283,3168,3149,3465,412,117,9134,15552,749,881,22627,54,3490,105446,701,30333,37420
246300,"Chorzów","śląskie",72431,229,2567,2181,2770,278,73,5755,9218,631,783,17884,48,2832,71815,473,18692,29277
246400,"Częstochowa","śląskie",156573,537,4522,5565,4938,707,180,12312,28281,1110,1388,40895,90,4640,155709,995,48989,63400
246500,"Dąbrowa Górnicza","śląskie",86438,305,3569,2999,2776,340,114,6573,13334,664,817,23322,46,2930,85807,588,24280,36736
246600,"Gliwice","śląskie",127207,400,4110,4208,4963,607,150,11237,18464,1157,1185,35588,87,4999,125968,899,35889,55973
246700,"Jastrzębie-Zdrój","śląskie",62464,161,1513,2401,1724,262,77,6637,14422,302,431,10608,40,1669,61854,354,25700,17191
246800,"Jaworzno","śląskie",66205,195,2073,2637,2247,308,71,6277,11405,526,596,14996,33,2118,65534,411,21645,24395
246900,"Katowice","śląskie",214572,727,8504,6019,8328,967,249,16924,31639,2293,2118,61137,161,10923,213416,1582,58219,99760
247000,"Mysłowice","śląskie",52722,126,1586,1859,1881,245,70,5466,9765,454,535,11824,31,1708,52249,328,18231,19287
247100,"Piekary Śląskie","śląskie",39181,106,1013,1120,1347,176,43,3382,7549,287,346,8006,29,1267,38939,281,13450,13087
247200,"Ruda Śląska","śląskie",97038,260,2737,3119,3641,374,116,9716,16501,694,1023,19381,65,3073,96198,655,32071,32674
247300,"Rybnik","śląskie",97716,339,2584,3552,3487,491,137,11003,18799,555,819,20239,61,2840,97079,596,35389,32317
247400,"Siemianowice Śląskie","śląskie",47138,150,1689,1477,2137,194,60,3866,6711,368,427,11745,29,1623,46831,351,12950,19443
247500,"Sosnowiec","śląskie",142804,442,5595,4708,4400,599,174,10562,22084,1168,1318,38625,93,5078,141536,922,39928,60777
247600,"Świętochłowice","śląskie",33761,110,976,1084,1203,114,38,2791,4967,231,308,7297,21,1164,33473,202,9676,11782
247700,"Tychy","śląskie",89960,312,2782,3105,3437,471,70,8480,16456,712,920,22792,53,3342,89027,638,29861,35740
247800,"Zabrze","śląskie",115861,286,3210,3489,3666,435,117,10190,16004,873,921,23523,71,3607,114921,755,31920,39128
247900,"Żory","śląskie",45499,156,1172,1646,1469,211,41,5528,9017,298,402,9230,28,1368,45126,272,16831,15025
260100,"buski","świętokrzyskie",56826,148,1034,2784,1419,259,69,4882,15448,293,282,7825,24,1015,56704,295,25395,13006
260200,"jędrzejowski","świętokrzyskie",64770,171,1076,3292,1534,293,63,6566,18559,289,314,7506,37,1300,64472,274,31483,12730
260300,"kazimierski","świętokrzyskie",26005,54,395,1116,744,82,28,2469,6549,106,89,2653,6,434,25793,108,11196,4752
260400,"kielecki","świętokrzyskie",164693,440,2777,10097,4586,893,162,17981,47592,853,1219,18671,91,3841,163922,897,82526,33813
260500,"konecki","świętokrzyskie",60500,220,1262,2603,1658,358,73,5083,16850,317,453,8225,24,1133,59949,331,27324,13851
260600,"opatowski","świętokrzyskie",39319,109,660,2078,871,149,64,3960,10731,216,172,3701,33,616,38910,239,18704,6353
260700,"ostrowiecki","świętokrzyskie",78585,199,1813,3687,1872,339,102,5796,16740,368,470,13788,38,1500,77392,421,28540,21339
260800,"pińczowski","świętokrzyskie",30401,62,555,1532,655,139,38,2794,7588,145,151,3800,12,510,30284,126,13237,6508
260900,"sandomierski","świętokrzyskie",58379,162,997,3079,1498,280,68,5406,14595,307,292,8055,20,969,57502,290,25026,12974
261000,"skarżyski","świętokrzyskie",54087,172,1226,2400,1478,319,57,4358,11673,323,430,10392,22,1172,53244,351,19822,16112
261100,"starachowicki","świętokrzyskie",65971,222,1269,3349,1638,364,107,5759,15823,332,448,10712,46,1252,65086,341,26892,16673
261200,"staszowski","świętokrzyskie",54585,122,791,2900,1087,249,85,5271,15931,227,286,5748,39,977,53937,253,26541,9948
261300,"włoszczowski","świętokrzyskie",34972,77,588,1952,787,159,38,3772,10364,148,185,3692,18,734,34511,182,17441,6453
266100,"Kielce","świętokrzyskie",140631,468,3840,6054,4918,819,167,11091,27708,1072,1244,35554,86,4296,139565,948,47736,55383
280100,"bartoszycki","warmińsko-mazurskie",41528,102,852,1382,1170,186,44,3468,6528,199,199,8173,16,708,41063,199,12109,12395
280200,"braniewski","warmińsko-mazurskie",29128,91,700,877,896,109,36,2700,4417,160,185,5601,22,490,28710,141,8554,8461
280300,"działdowski","warmińsko-mazurskie",47600,146,1097,1699,1279,237,54,4720,9612,204,267,7433,27,1078,47285,263,17820,12089
280400,"elbląski","warmińsko-mazurskie",41935,96,931,1582,1226,170,55,3797,6509,241,265,7822,13,807,41715,234,12686,12567
280500,"ełcki","warmińsko-mazurskie",64027,252,1276,2717,1792,316,71,6364,10414,310,400,10931,33,1236,63760,298,20497,17425
280600,"giżycki","warmińsko-mazurskie",41595,138,1027,1622,1242,164,56,3496,6019,258,298,9475,45,786,42784,256,12104,15606
280700,"iławski","warmińsko-mazurskie",68570,176,1733,2609,2123,288,73,7250,12700,385,418,12794,44,1588,68234,355,23989,20621
280800,"kętrzyński","warmińsko-mazurskie",44469,111,992,1522,1137,143,54,3807,6740,185,221,8576,31,788,43993,205,12644,13074
280900,"lidzbarski","warmińsko-mazurskie",29256,87,745,1049,801,112,31,2505,4495,176,187,5775,6,599,28974,158,8544,8945
281000,"mrągowski","warmińsko-mazurskie",36636,105,851,1520,1092,154,60,3337,5779,186,244,7652,16,795,37327,202,11259,12436
281100,"nidzicki","warmińsko-mazurskie",23855,69,455,874,489,107,26,2470,4788,95,90,3802,5,450,23750,138,8898,5916
281200,"nowomiejski","warmińsko-mazurskie",32027,67,660,1145,914,121,30,3966,6780,157,216,4655,16,647,31826,170,12545,7717
281300,"olecki","warmińsko-mazurskie",23818,94,427,1188,627,79,44,2169,3981,117,161,3633,12,400,23700,98,7824,5858
281400,"olsztyński","warmińsko-mazurskie",98952,342,3018,3328,3449,521,119,9539,14395,629,809,22182,50,2814,99163,632,28893,36300
281500,"ostródzki","warmińsko-mazurskie",75625,181,1876,2898,2178,275,91,6870,11290,411,452,16010,40,1572,75545,371,22083,25088
281600,"piski","warmińsko-mazurskie",41431,122,749,1719,1030,185,50,4376,8128,176,229,6023,12,712,41385,203,15091,10107
281700,"szczycieński","warmińsko-mazurskie",52448,178,1170,2078,1490,256,83,5160,9780,283,322,9234,26,1099,52795,287,18280,15237
281800,"gołdapski","warmińsko-mazurskie",18822,52,396,743,511,37,28,1745,2754,90,76,3472,3,276,18712,61,5524,5271
281900,"węgorzewski","warmińsko-mazurskie",16620,63,423,581,463,59,27,1531,2429,82,100,3446,7,285,16667,68,4732,5508
286100,"Elbląg","warmińsko-mazurskie",82651,244,2344,2352,2815,365,85,6345,12878,535,735,22262,43,2108,81831,530,22593,33353
286200,"Olsztyn","warmińsko-mazurskie",124544,472,4855,3659,4786,713,133,10731,17742,1104,1313,36278,95,5873,126177,889,34128,59509
300100,"chodzieski","wielkopolskie",34907,113,1075,1380,1524,159,45,3214,4655,224,258,8650,29,1045,34493,235,9439,13570
300200,"czarnkowsko-trzcianecki","wielkopolskie",63508,193,1514,2398,2209,219,79,6008,10016,410,435,13928,42,1375,63012,361,19153,22100
300300,"gnieźnieński","wielkopolskie",107998,385,3635,3848,4513,505,126,11074,18049,712,903,23581,69,3080,107295,713,35025,39193
300400,"gostyński","wielkopolskie",56386,115,1413,2567,1795,267,73,7356,10815,347,379,8483,26,1271,55864,328,22162,14544
300500,"grodziski","wielkopolskie",38684,124,1055,1569,1554,183,57,4528,6915,293,308,6691,35,1086,38452,231,13753,11826
300600,"jarociński","wielkopolskie",53137,165,1333,2152,1870,288,60,6011,10300,374,400,8977,25,1507,52724,394,20059,15665
300700,"kaliski","wielkopolskie",64240,186,1398,2961,2028,287,57,7466,16240,363,455,8182,24,1368,63685,363,29125,14522
300800,"kępiński","wielkopolskie",42650,135,932,1798,1512,210,51,4957,8096,270,319,8113,16,1027,42207,266,15527,13469
300900,"kolski","wielkopolskie",64140,180,1267,2552,1418,247,88,6488,16636,265,359,8635,28,1275,63430,329,28599,13773
301000,"koniński","wielkopolskie",100439,309,2322,4423,2593,448,109,10776,26583,546,703,12427,72,2379,99705,565,46299,21738
301100,"kościański","wielkopolskie",59252,165,1844,2309,2483,309,72,6328,9962,405,445,12043,38,1724,58964,404,20033,20539
301200,"krotoszyński","wielkopolskie",56853,190,1393,2487,1897,277,65,6362,10973,358,423,9467,41,1397,56413,368,21410,16203
301300,"leszczyński","wielkopolskie",45615,159,1425,1962,1940,250,56,5753,7691,371,370,8296,35,1322,45492,336,16244,14715
301400,"międzychodzki","wielkopolskie",27709,80,785,1232,946,118,28,2708,3705,157,205,6164,26,668,27682,193,7727,9976
301500,"nowotomyski","wielkopolskie",56628,193,1687,2440,2447,234,52,6036,8406,438,475,12986,46,1623,56393,406,16954,21736
301600,"obornicki","wielkopolskie",43729,125,1364,1688,1674,192,54,4159,6343,336,396,10774,30,1276,43423,280,12541,16965
301700,"ostrowski","wielkopolskie",121687,422,3056,5277,4444,584,153,12521,22454,777,945,25057,75,3135,120186,737,43262,40407
301800,"ostrzeszowski","wielkopolskie",42122,142,988,1839,1518,186,55,4847,8081,275,276,7044,24,1071,41707,262,15821,12363
301900,"pilski","wielkopolskie",97503,326,2859,3564,3566,384,90,9434,15171,614,684,23388,63,2437,96456,549,28961,36385
302000,"pleszewski","wielkopolskie",47434,129,1098,1822,1663,232,71,5326,9695,262,350,8167,24,995,47131,314,18046,13513
302100,"poznański","wielkopolskie",322805,1151,13759,10317,17002,1789,339,30438,39492,3417,3963,105458,241,14309,323518,2541,82399,171070
302200,"rawicki","wielkopolskie",45487,133,1311,2090,1598,235,50,4944,7401,277,330,8373,21,1113,45058,314,15307,13917
302300,"słupecki","wielkopolskie",45085,147,1027,1671,1475,184,49,4692,9733,257,289,7343,25,1082,44818,270,17516,12379
302400,"szamotulski","wielkopolskie",70770,269,2306,2949,2886,282,69,6671,9918,575,573,17607,44,2140,70457,488,20412,28483
302500,"średzki","wielkopolskie",45226,130,1502,1731,2057,251,56,4921,7436,340,394,9237,46,1410,45138,353,15137,16127
302600,"śremski","wielkopolskie",45914,166,1579,1953,1921,215,92,4914,7165,339,391,9310,23,1375,45738,305,14961,16038
302700,"turecki","wielkopolskie",62743,162,1480,2903,1766,289,69,6549,16073,337,408,8732,30,1387,62206,346,28121,14809
302800,"wągrowiecki","wielkopolskie",52092,144,1485,2055,2267,231,73,5421,8122,330,376,10959,26,1365,51793,307,16429,18068
302900,"wolsztyński","wielkopolskie",43235,142,1188,1867,1817,219,55,5416,6951,273,356,8640,32,1253,42969,304,14742,14554
303000,"wrzesiński","wielkopolskie",58746,184,1805,2398,2626,318,92,6212,10572,411,523,11762,47,1671,58297,397,20746,20068
303100,"złotowski","wielkopolskie",50543,131,1182,1965,1763,204,66,5008,7223,307,308,10440,33,1120,50017,255,14556,16496
306100,"Kalisz","wielkopolskie",70555,173,1973,2441,2318,297,82,5294,11700,468,583,20023,40,2177,69761,424,20275,29834
306200,"Konin","wielkopolskie",51830,139,1600,1655,1528,215,61,3852,10510,338,396,12741,28,1433,51322,326,17255,19151
306300,"Leszno","wielkopolskie",44607,133,1703,1288,1750,180,47,3677,5672,319,357,13383,23,1412,44057,284,10908,20691
306400,"Poznań","wielkopolskie",407035,1313,20865,9862,18420,1819,419,29425,44505,5389,4325,134124,306,32927,413189,3509,88225,235288
320100,"białogardzki","zachodniopomorskie",33643,65,849,1117,716,107,37,2775,4902,165,210,7122,20,584,33225,181,9407,10829
320200,"choszczeński","zachodniopomorskie",34774,92,848,1045,970,101,52,2947,5473,142,180,6709,12,672,34277,183,10392,10593
320300,"drawski","zachodniopomorskie",41749,97,949,1639,1093,124,58,3456,6007,202,227,9081,24,709,41113,220,11601,13485
320400,"goleniowski","zachodniopomorskie",61919,194,1698,2052,1714,239,58,5547,9321,357,448,14426,25,1518,61537,390,17857,22234
320500,"gryficki","zachodniopomorskie",46132,107,1081,1446,1277,145,62,3338,7386,196,262,11083,17,930,49551,285,14223,18804
320600,"gryfiński","zachodniopomorskie",59514,152,1261,2266,1598,195,57,5044,10501,360,400,11971,27,1369,59161,334,18970,18667
320700,"kamieński","zachodniopomorskie",37025,79,936,1190,948,141,64,2737,5553,198,210,9748,32,730,39847,189,11162,15832
320800,"kołobrzeski","zachodniopomorskie",65755,203,1967,2117,2130,241,63,4806,10666,396,410,19436,28,1366,71349,387,20739,31774
320900,"koszaliński","zachodniopomorskie",51408,149,1475,2042,1767,218,53,4779,7704,325,348,12269,31,1063,54099,322,15977,20596
321000,"myśliborski","zachodniopomorskie",47022,112,994,1874,1108,129,63,3916,7331,231,276,9794,25,889,46506,225,13633,15240
321100,"policki","zachodniopomorskie",61789,221,2095,2103,2428,303,55,5195,8156,519,637,18862,39,2240,61856,427,16082,29642
321200,"pyrzycki","zachodniopomorskie",28236,56,568,1037,731,88,41,2702,5814,148,149,4672,11,563,28073,150,10302,7522
321300,"sławieński","zachodniopomorskie",43740,120,1130,1671,1264,158,46,4131,7496,242,279,10099,24,814,46192,286,15021,16330
321400,"stargardzki","zachodniopomorskie",88775,284,2296,3201,3003,372,79,7878,14666,501,705,20885,46,2234,88295,491,27189,32463
321500,"szczecinecki","zachodniopomorskie",55070,151,1271,2006,1415,205,76,4436,9104,289,299,11921,32,1022,54630,290,16672,17766
321600,"świdwiński","zachodniopomorskie",33685,76,754,1184,888,116,35,2749,5478,169,184,7041,15,583,33233,197,9948,10542
321700,"wałecki","zachodniopomorskie",37754,117,1027,1286,1118,154,29,3260,5285,217,238,8842,25,886,37313,238,10311,13513
321800,"łobeski","zachodniopomorskie",25581,70,475,881,672,75,36,1835,4046,128,114,5066,9,451,25473,144,7428,7761
326100,"Koszalin","zachodniopomorskie",77068,211,2678,2428,2811,324,87,6010,10701,587,648,23379,51,1924,76751,454,19859,35422
326200,"Szczecin","zachodniopomorskie",280501,918,9815,8574,9711,1290,273,20633,40601,2626,2937,83816,166,12308,280400,1974,74229,132943
326300,"Świnoujście","zachodniopomorskie",30732,88,890,1060,805,109,44,2294,4207,157,195,9756,12,743,31972,173,8265,14708
